 Flow Duration, Total Fwd Packets, Total Backward Packets,Flow Bytes/s, Flow Packets/s, Flow IAT Mean, Flow IAT Std, Flow IAT Max, Flow IAT Min, Min Packet Length, Max Packet Length, Packet Length Mean, Packet Length Std, Packet Length Variance,FIN Flag Count, SYN Flag Count, RST Flag Count, ACK Flag Count,Init_Win_bytes_forward, Init_Win_bytes_backward,Active Mean, Active Std, Active Max, Active Min,Idle Mean, Idle Std, Idle Max, Idle Min,Label
2933781,2,0,0,0.681714143,2933781,0,2933781,2933781,0,0,0,0,0,0,0,0,1,1369,-1,0,0,0,0,0,0,0,0,Android_Adware
110093268,2,0,0,0.018166415,110093268,0,110093268,110093268,0,0,0,0,0,0,0,0,1,3787,-1,0,0,0,0,0,0,0,0,Android_Adware
1949066,2,0,0,1.026132517,1949066,0,1949066,1949066,0,0,0,0,0,0,0,0,1,1369,-1,0,0,0,0,0,0,0,0,Android_Adware
7927527,3,0,0,0.378428229,3963763.5,5476597.882,7836303,91224,0,0,0,0,0,0,0,0,1,302,-1,0,0,0,0,0,0,0,0,Android_Adware
31632,1,1,6069.802731,63.22711179,31632,0,31632,31632,36,156,76,69.2820323,4800,0,0,0,0,-1,-1,0,0,0,0,0,0,0,0,Android_Adware
167679,1,1,936.3128358,11.92755205,167679,0,167679,167679,30,127,62.33333333,56.00297611,3136.333333,0,0,0,0,-1,-1,0,0,0,0,0,0,0,0,Android_Adware
283,2,0,0,7067.137809,283,0,283,283,0,0,0,0,0,1,0,0,0,0,-1,0,0,0,0,0,0,0,0,Android_Adware
61806,1,1,1666.50487,32.35931787,61806,0,61806,61806,32,71,45,22.5166605,507,0,0,0,0,-1,-1,0,0,0,0,0,0,0,0,Android_Adware
53778590,3,0,0,0.055784281,26889295,37979888.91,53745132,33458,0,0,0,0,0,0,0,0,1,2081,-1,0,0,0,0,0,0,0,0,Android_Adware
6229232,2,0,0,0.321066867,6229232,0,6229232,6229232,0,0,0,0,0,0,0,0,1,1369,-1,0,0,0,0,0,0,0,0,Android_Adware
1986,2,0,0,1007.049345,1986,0,1986,1986,0,0,0,0,0,0,0,0,1,1399,-1,0,0,0,0,0,0,0,0,Android_Adware
29627428,2,0,0,0.067505016,29627428,0,29627428,29627428,0,0,0,0,0,0,0,0,1,1613,-1,0,0,0,0,0,0,0,0,Android_Adware
257689,1,1,0,7.761293652,257689,0,257689,257689,0,0,0,0,0,0,0,0,1,1386,125,0,0,0,0,0,0,0,0,Android_Adware
293765,3,1,0,13.61632597,97921.66667,163513.5308,286693,263,0,0,0,0,0,0,0,0,0,65535,8192,0,0,0,0,0,0,0,0,Android_Adware
247712,1,2,125.1453301,12.11083839,123856,125265.3805,212432,35280,0,31,7.75,15.5,240.25,0,0,0,1,1597,64,0,0,0,0,0,0,0,0,Android_Adware
140237,7,5,14988.91163,85.5694289,12748.81818,13833.51431,36958,54,0,694,161.6923077,273.4923474,74798.0641,0,0,0,0,65535,351,0,0,0,0,0,0,0,0,Android_Adware
1444,1,1,51246.5374,1385.041551,1444,0,1444,1444,37,37,37,0,0,0,0,0,0,-1,-1,0,0,0,0,0,0,0,0,Android_Adware
10241272,3,1,0,0.390576483,3413757.333,5705510.482,10000532,3539,0,0,0,0,0,0,0,0,0,65535,8190,0,0,0,0,0,0,0,0,Android_Adware
232,2,0,0,8620.689655,232,0,232,232,0,0,0,0,0,0,0,0,1,1386,-1,0,0,0,0,0,0,0,0,Android_Adware
738418,3,3,1469.357464,8.125479065,147683.6,192698.6207,359177,2324,0,768,155,294.9966102,87023,0,0,0,0,65535,127,0,0,0,0,0,0,0,0,Android_Adware
691495,3,4,976.1458868,10.12299438,115249.1667,125314.4608,237348,56,0,479,84.375,173.5774323,30129.125,0,0,0,0,65535,31,0,0,0,0,0,0,0,0,Android_Adware
61314316,9,0,3.376046795,0.146784643,7664289.5,10639033.31,30757606,310108,23,23,23,0,0,0,1,0,1,1419,-1,7454146,0,7454146,7454146,17953390,11738532.98,30757606,7700023,Android_Adware
1407,1,1,52594.172,1421.464108,1407,0,1407,1407,37,37,37,0,0,0,0,0,0,-1,-1,0,0,0,0,0,0,0,0,Android_Adware
512983,3,4,2376.29707,13.64567637,85497.16667,131095.486,254827,31,0,843,152.375,308.5171621,95182.83929,0,0,0,0,65535,235,0,0,0,0,0,0,0,0,Android_Adware
4907,1,1,0,407.5810067,4907,0,4907,4907,0,0,0,0,0,0,0,0,1,5592,1369,0,0,0,0,0,0,0,0,Android_Adware
2388,1,1,0,837.520938,2388,0,2388,2388,0,0,0,0,0,0,0,0,1,115,1369,0,0,0,0,0,0,0,0,Android_Adware
573839,9,8,12409.40403,29.6250342,35864.9375,50183.87055,157772,31,0,1418,395.6111111,582.7523073,339600.2516,0,0,0,0,65535,362,0,0,0,0,0,0,0,0,Android_Adware
24085217,2,0,0,0.083038488,24085217,0,24085217,24085217,0,0,0,0,0,0,0,0,1,1369,-1,0,0,0,0,0,0,0,0,Android_Adware
7006099,4,0,0,0.570931127,2335366.333,1534405.067,4006653,990312,0,0,0,0,0,0,0,0,0,65535,-1,0,0,0,0,0,0,0,0,Android_Adware
50276607,63,125,3082.06956,3.739313594,268858.861,3203826.5,43729713,6,0,1460,819.8730159,693.5406803,480998.6753,0,0,0,0,65535,77,5832501,0,5832501,5832501,43729713,0,43729713,43729713,Android_Adware
136,2,0,0,14705.88235,136,0,136,136,0,0,0,0,0,0,0,0,1,1386,-1,0,0,0,0,0,0,0,0,Android_Adware
177598,3,4,4876.181038,39.41485828,29599.66667,40298.63738,81412,51,0,657,108.25,233.4785093,54512.21429,0,0,0,0,65535,124,0,0,0,0,0,0,0,0,Android_Adware
47482,1,1,3580.304115,42.12122489,47482,0,47482,47482,30,140,66.66666667,63.50852961,4033.333333,0,0,0,0,-1,-1,0,0,0,0,0,0,0,0,Android_Adware
6132,1,1,0,326.1578604,6132,0,6132,6132,0,0,0,0,0,0,0,0,1,31,1734,0,0,0,0,0,0,0,0,Android_Adware
32554,1,1,7372.365915,61.43638263,32554,0,32554,32554,36,204,92,96.99484522,9408,0,0,0,0,-1,-1,0,0,0,0,0,0,0,0,Android_Adware
9226383,2,0,6.719859776,0.21676967,9226383,0,9226383,9226383,31,31,31,0,0,0,1,0,1,1548,-1,0,0,0,0,0,0,0,0,Android_Adware
1041,1,1,69164.26513,1921.229587,1041,0,1041,1041,36,36,36,0,0,0,0,0,0,-1,-1,0,0,0,0,0,0,0,0,Android_Adware
254130,1,1,0,7.869987802,254130,0,254130,254130,0,0,0,0,0,0,0,0,1,1386,124,0,0,0,0,0,0,0,0,Android_Adware
94079,1,1,1647.551526,21.25872937,94079,0,94079,94079,28,127,61,57.15767665,3267,0,0,0,0,-1,-1,0,0,0,0,0,0,0,0,Android_Adware
788,1,1,83756.34518,2538.071066,788,0,788,788,33,33,33,0,0,0,0,0,0,-1,-1,0,0,0,0,0,0,0,0,Android_Adware
323044,4,3,2207.129679,21.66887483,53840.66667,63238.37085,134016,1354,0,361,89.125,165.0449614,27239.83929,0,0,0,0,65535,110,0,0,0,0,0,0,0,0,Android_Adware
1589,1,1,81183.13405,1258.653241,1589,0,1589,1589,36,93,55,32.90896534,1083,0,0,0,0,-1,-1,0,0,0,0,0,0,0,0,Android_Adware
77,2,0,8181818.182,25974.02597,77,0,77,77,315,315,315,0,0,0,0,0,0,-1,-1,0,0,0,0,0,0,0,0,Android_Adware
6200890,2,0,0,0.322534346,6200890,0,6200890,6200890,0,0,0,0,0,0,0,0,1,4927,-1,0,0,0,0,0,0,0,0,Android_Adware
2874766,9,12,4702.643624,7.304942385,143738.3,563541.8764,2533386,5,0,1448,614.5,677.4667625,458961.2143,0,0,0,0,65535,972,0,0,0,0,0,0,0,0,Android_Adware
1497266,3,0,0,2.00365199,748633,911015.1637,1392818,104448,0,0,0,0,0,0,0,0,1,939,-1,0,0,0,0,0,0,0,0,Android_Adware
2602693,1,1,86.06470298,0.768434848,2602693,0,2602693,2602693,39,185,87.66666667,84.2931393,7105.333333,0,0,0,0,-1,-1,0,0,0,0,0,0,0,0,Android_Adware
10166,2,0,0,196.7342121,10166,0,10166,10166,0,0,0,0,0,0,0,0,1,1390,-1,0,0,0,0,0,0,0,0,Android_Adware
5339473,9,9,819.5565368,3.37111921,314086.6471,1206110.41,4993090,15,0,1452,230.3157895,450.981775,203384.5614,0,0,0,0,65535,16616,0,0,0,0,0,0,0,0,Android_Adware
29691849,11,11,347.4017398,0.740944089,1413897.571,6357721.474,29159821,2,0,1448,448.4782609,635.0921815,403342.0791,0,0,0,0,65535,122,0,0,0,0,0,0,0,0,Android_Adware
63028,1,1,2141.905185,31.73192867,63028,0,63028,63028,42,93,59,29.44486373,867,0,0,0,0,-1,-1,0,0,0,0,0,0,0,0,Android_Adware
38,3,0,0,78947.36842,19,16.97056275,31,7,0,0,0,0,0,0,0,0,1,1503,-1,0,0,0,0,0,0,0,0,Android_Adware
1411172,17,15,11243.13691,22.67618689,45521.67742,208626.2846,1167600,4,0,1418,480.7878788,625.1622668,390827.8598,0,0,0,0,65535,365,0,0,0,0,0,0,0,0,Android_Adware
94049,1,1,0,21.26551053,94049,0,94049,94049,0,0,0,0,0,0,0,0,1,29,1369,0,0,0,0,0,0,0,0,Android_Adware
21580818,7,6,207.96246,0.602386805,1798401.5,4527681.588,14991338,7,0,1448,320.5714286,518.9757241,269335.8022,0,0,0,0,65535,33,197767,0,197767,197767,6288294,0,6288294,6288294,Android_Adware
123249,1,1,1071.002604,16.22731219,123249,0,123249,123249,30,102,54,41.56921938,1728,0,0,0,0,-1,-1,0,0,0,0,0,0,0,0,Android_Adware
46870888,2,0,0,0.04267041,46870888,0,46870888,46870888,0,0,0,0,0,0,0,0,1,1369,-1,0,0,0,0,0,0,0,0,Android_Adware
5351089,2,0,0,0.373755697,5351089,0,5351089,5351089,0,0,0,0,0,0,0,0,1,1743,-1,0,0,0,0,0,0,0,0,Android_Adware
13540557,33,36,1634.64472,5.095802189,199125.8382,1094041.361,9049059,4,0,1448,316.2,491.8340889,241900.771,0,0,0,0,65535,2798,290733,0,290733,290733,9049059,0,9049059,9049059,Android_Adware
8203564,10,13,822.6912108,2.803659483,372889.2727,1019501.974,4836092,11,0,1460,281.2083333,439.8809107,193495.2156,0,0,0,0,65535,624,0,0,0,0,0,0,0,0,Android_Adware
50064,1,1,2177.213167,39.94886545,50064,0,50064,50064,36,73,48.33333333,21.36195996,456.3333333,0,0,0,0,-1,-1,0,0,0,0,0,0,0,0,Android_Adware
49618,1,1,3426.175985,40.30795276,49618,0,49618,49618,30,140,66.66666667,63.50852961,4033.333333,0,0,0,0,-1,-1,0,0,0,0,0,0,0,0,Android_Adware
6378127,3,0,0,0.47035752,3189063.5,4460444.425,6343074,35053,0,0,0,0,0,0,0,0,1,3315,-1,0,0,0,0,0,0,0,0,Android_Adware
30207,1,1,0,66.20981892,30207,0,30207,30207,0,0,0,0,0,0,0,0,1,1506,133,0,0,0,0,0,0,0,0,Android_Adware
1597,1,1,46336.88165,1252.348153,1597,0,1597,1597,37,37,37,0,0,0,0,0,0,-1,-1,0,0,0,0,0,0,0,0,Android_Adware
5161217,2,0,0,0.387505505,5161217,0,5161217,5161217,0,0,0,0,0,0,0,0,1,1477,-1,0,0,0,0,0,0,0,0,Android_Adware
81508,1,1,0,24.53746871,81508,0,81508,81508,0,0,0,0,0,0,0,0,0,65535,0,0,0,0,0,0,0,0,0,Android_Adware
174239,3,4,4970.184631,40.17470256,29039.83333,40615.94547,81420,21,0,657,108.25,233.4785093,54512.21429,0,0,0,0,65535,124,0,0,0,0,0,0,0,0,Android_Adware
53920206,2,0,0,0.037091846,53920206,0,53920206,53920206,0,0,0,0,0,0,0,0,1,1386,-1,0,0,0,0,0,0,0,0,Android_Adware
10642004,9,7,443.9953227,1.503476225,709466.9333,2518466.932,9805797,9,0,1460,277.9411765,523.2447408,273785.0588,0,0,0,0,65535,30,836207,0,836207,836207,9805797,0,9805797,9805797,Android_Adware
168399,3,4,5142.548352,41.5679428,28066.5,41173.50215,81251,193,0,657,108.25,233.4785093,54512.21429,0,0,0,0,65535,124,0,0,0,0,0,0,0,0,Android_Adware
142303,1,1,1925.468894,14.05451747,142303,0,142303,142303,29,245,101,124.7076581,15552,0,0,0,0,-1,-1,0,0,0,0,0,0,0,0,Android_Adware
6252080,2,0,0,0.319893539,6252080,0,6252080,6252080,0,0,0,0,0,0,0,0,1,1386,-1,0,0,0,0,0,0,0,0,Android_Adware
287666,3,1,0,13.90501484,95888.66667,162894.3493,283974,265,0,0,0,0,0,0,0,0,0,65535,8192,0,0,0,0,0,0,0,0,Android_Adware
54574501,2,0,0,0.036647151,54574501,0,54574501,54574501,0,0,0,0,0,0,0,0,1,1386,-1,0,0,0,0,0,0,0,0,Android_Adware
256630,2,1,0,11.68998169,128315,179368.9488,255148,1482,0,0,0,0,0,0,0,0,1,1369,115,0,0,0,0,0,0,0,0,Android_Adware
20,2,0,1550000,100000,20,0,20,20,0,31,20.66666667,17.89785834,320.3333333,0,1,0,1,31,-1,0,0,0,0,0,0,0,0,Android_Adware
61260,1,1,1697.682011,32.64773098,61260,0,61260,61260,36,68,46.66666667,18.47520861,341.3333333,0,0,0,0,-1,-1,0,0,0,0,0,0,0,0,Android_Adware
263,2,0,0,7604.562738,263,0,263,263,0,0,0,0,0,0,0,0,1,1386,-1,0,0,0,0,0,0,0,0,Android_Adware
62790242,2,0,0,0.031852083,62790242,0,62790242,62790242,0,0,0,0,0,0,0,0,1,1369,-1,0,0,0,0,62790242,0,62790242,62790242,Android_Adware
10947935,3,1,0,0.365365706,3649311.667,6299408.379,10923231,1440,0,0,0,0,0,0,0,0,0,65535,65535,0,0,0,0,0,0,0,0,Android_Adware
19910629,4,2,0,0.301346582,3982125.8,6450997.201,15060448,138171,0,0,0,0,0,0,0,0,0,65535,14480,371584,0,371584,371584,15060448,0,15060448,15060448,Android_Adware
841982,2,2,36.81788922,4.750695383,280660.6667,289204.1834,577867,185,0,31,12.4,16.97939928,288.3,0,1,0,1,140,1506,0,0,0,0,0,0,0,0,Android_Adware
50579,1,1,1621.226201,39.54210245,50579,0,50579,50579,33,49,38.33333333,9.237604307,85.33333333,0,0,0,0,-1,-1,0,0,0,0,0,0,0,0,Android_Adware
145757,1,1,1866.119637,13.72146792,145757,0,145757,145757,31,241,101,121.2435565,14700,0,0,0,0,-1,-1,0,0,0,0,0,0,0,0,Android_Adware
253908,3,0,0,11.81530318,126954,130311.2945,219098,34810,0,0,0,0,0,0,0,0,1,5758,-1,0,0,0,0,0,0,0,0,Android_Adware
61504974,24,37,737.4850691,0.991789705,1025082.9,7742968.262,59996067,5,0,1448,731.5967742,674.668187,455177.1626,0,0,0,0,65535,66,1508859,0,1508859,1508859,59996067,0,59996067,59996067,Android_Adware
801116,1,1,199.7213887,2.496517358,801116,0,801116,801116,35,125,65,51.96152423,2700,0,0,0,0,-1,-1,0,0,0,0,0,0,0,0,Android_Adware
54725,1,1,0,36.5463682,54725,0,54725,54725,0,0,0,0,0,0,0,0,1,33,1431,0,0,0,0,0,0,0,0,Android_Adware
39442109,2,0,0,0.050707228,39442109,0,39442109,39442109,0,0,0,0,0,0,0,0,1,1369,-1,0,0,0,0,0,0,0,0,Android_Adware
41558,1,1,0,48.12551133,41558,0,41558,41558,0,0,0,0,0,0,0,0,1,340,1369,0,0,0,0,0,0,0,0,Android_Adware
51,1,1,1078431.373,39215.68627,51,0,51,51,0,55,36.66666667,31.75426481,1008.333333,0,1,0,1,361,361,0,0,0,0,0,0,0,0,Android_Adware
34235,2,0,0,58.41974587,34235,0,34235,34235,0,0,0,0,0,0,0,0,1,404,-1,0,0,0,0,0,0,0,0,Android_Adware
1030,1,1,115533.9806,1941.747573,1030,0,1030,1030,38,81,52.33333333,24.82606158,616.3333333,0,0,0,0,-1,-1,0,0,0,0,0,0,0,0,Android_Adware
409835,7,7,4409.091464,34.16008882,31525.76923,24122.96097,75280,706,0,1043,120.4666667,274.5999341,75405.12381,0,0,0,0,65535,332,0,0,0,0,0,0,0,0,Android_Adware
17140,1,1,0,116.6861144,17140,0,17140,17140,0,0,0,0,0,0,0,0,1,1657,676,0,0,0,0,0,0,0,0,Android_Adware
63446047,3,1,0,0.063045693,21148682.33,36377129.36,63153041,1831,0,0,0,0,0,0,0,0,0,65535,8192,0,0,0,0,0,0,0,0,Android_Adware
163086,2,0,0,12.26346835,163086,0,163086,163086,0,0,0,0,0,0,0,0,1,285,-1,0,0,0,0,0,0,0,0,Android_Adware
4336066,5,3,130.3024447,1.844990367,619438,1351581.902,3674393,15,0,372,62.77777778,132.3648157,17520.44444,0,0,0,0,65535,38,0,0,0,0,0,0,0,0,Android_Adware
4029092,2,0,0,0.496389757,4029092,0,4029092,4029092,0,0,0,0,0,0,0,0,1,1635,-1,0,0,0,0,0,0,0,0,Android_Adware
68710370,9,12,146.1497005,0.305630722,3435518.5,14476136.73,64893824,6,0,1460,456.4545455,594.9250235,353935.7835,0,0,0,0,65535,141,3816499,0,3816499,3816499,64893824,0,64893824,64893824,Android_SMS_Malware
14,1,1,3928571.429,142857.1429,14,0,14,14,0,55,36.66666667,31.75426481,1008.333333,0,1,0,1,358,358,0,0,0,0,0,0,0,0,Android_SMS_Malware
10867876,10,11,607.7544499,1.932300295,543393.8,2378095.678,10646545,25,0,1460,300.2272727,478.6341611,229090.6602,0,0,0,0,65535,66,221286,0,221286,221286,10646545,0,10646545,10646545,Android_SMS_Malware
46069749,3,1,0,0.086824871,15356583,26394713.43,45834281,2232,0,0,0,0,0,0,0,0,0,65535,14600,0,0,0,0,0,0,0,0,Android_SMS_Malware
3,2,0,0,666666.6667,3,0,3,3,0,0,0,0,0,0,0,0,1,115,-1,0,0,0,0,0,0,0,0,Android_SMS_Malware
256973,8,8,30462.34429,62.26335062,17131.53333,18485.2014,63091,20,30,1350,539.8823529,622.8034283,387884.1103,0,0,0,0,-1,-1,0,0,0,0,0,0,0,0,Android_SMS_Malware
59,1,1,525423.7288,33898.30508,59,0,59,59,0,31,20.66666667,17.89785834,320.3333333,0,1,0,1,48,48,0,0,0,0,0,0,0,0,Android_SMS_Malware
54096440,6,5,31.92446675,0.203340553,5409644,14868790.49,47439200,563,0,541,143.9166667,219.3865241,48130.44697,0,0,0,0,65535,245,707560,0,707560,707560,5617200,0,5617200,5617200,Android_SMS_Malware
4018894,2,0,0,0.497649353,4018894,0,4018894,4018894,0,0,0,0,0,0,0,0,1,2673,-1,0,0,0,0,0,0,0,0,Android_SMS_Malware
92566419,20,22,194.2821187,0.453728258,2257717.537,14087085.64,90252992,9,0,1452,418.2325581,605.2169952,366287.6113,0,0,0,0,65535,0,2313427,0,2313427,2313427,90252992,0,90252992,90252992,Android_SMS_Malware
546371,3,4,2210.951899,12.81180736,91061.83333,128333.3235,256055,42,0,657,151,281.0292308,78977.42857,0,0,0,0,65535,400,0,0,0,0,0,0,0,0,Android_SMS_Malware
24682,1,1,0,81.03071064,24682,0,24682,24682,0,0,0,0,0,0,0,0,1,2229,251,0,0,0,0,0,0,0,0,Android_SMS_Malware
108368,2,0,0,18.45563266,108368,0,108368,108368,0,0,0,0,0,0,0,0,1,1369,-1,0,0,0,0,0,0,0,0,Android_SMS_Malware
34634641,1,3,0,0.115491308,11544880.33,19849882.49,34465425,18966,0,0,0,0,0,0,0,0,1,122,1403,0,0,0,0,0,0,0,0,Android_SMS_Malware
32516721,12,8,185.5660661,0.615068168,1711406.368,6812650.268,29837706,329,0,1165,287.3333333,451.6347344,203973.9333,0,0,0,0,65535,19,0,0,0,0,0,0,0,0,Android_SMS_Malware
12902055,3,1,2.402718017,0.310028131,4300685,7401917.518,12847626,148,0,31,6.2,13.86362146,192.2,0,0,0,1,1595,0,0,0,0,0,12847626,0,12847626,12847626,Android_SMS_Malware
91225,1,1,1929.295697,21.92381474,91225,0,91225,91225,43,133,73,51.96152423,2700,0,0,0,0,-1,-1,0,0,0,0,0,0,0,0,Android_SMS_Malware
33641618,2,0,0,0.059450173,33641618,0,33641618,33641618,0,0,0,0,0,0,0,0,1,1369,-1,0,0,0,0,0,0,0,0,Android_SMS_Malware
457690,21,15,16786.47119,78.65585877,13076.85714,21771.88743,76915,7,0,1418,207.6486486,428.9993017,184040.4009,0,0,0,0,65535,360,0,0,0,0,0,0,0,0,Android_SMS_Malware
20965317,2,0,0,0.095395648,20965317,0,20965317,20965317,0,0,0,0,0,0,0,0,1,1386,-1,0,0,0,0,0,0,0,0,Android_SMS_Malware
16952318,4,2,0,0.353933899,3390463.6,6541275.916,14997509,2000,0,0,0,0,0,0,0,0,0,65535,28960,28387,0,28387,28387,14997509,0,14997509,14997509,Android_SMS_Malware
98011367,29,15,241.8188903,0.448927521,2279334.116,4852432.553,29921190,894,0,1455,526.6888889,609.0090991,370892.0828,0,0,0,0,65535,22510,520707.8333,270104.3142,1239736,317643,5121956.333,26183.75853,5173562,5087989,Android_SMS_Malware
56,2,0,0,35714.28571,56,0,56,56,0,0,0,0,0,0,0,0,1,65535,-1,0,0,0,0,0,0,0,0,Android_SMS_Malware
396,2,0,0,5050.505051,396,0,396,396,0,0,0,0,0,0,0,0,1,65535,-1,0,0,0,0,0,0,0,0,Android_SMS_Malware
4080760,3,0,0,0.735157177,2040380,2724003.01,3966541,114219,0,0,0,0,0,0,0,0,1,404,-1,0,0,0,0,0,0,0,0,Android_SMS_Malware
5043599,2,0,0,0.396542231,5043599,0,5043599,5043599,0,0,0,0,0,0,0,0,1,1597,-1,0,0,0,0,0,0,0,0,Android_SMS_Malware
39867650,9,7,108.8852742,0.401327894,2657843.333,10208643,39559789,8,0,1448,255.3529412,463.4088288,214747.7426,0,0,0,0,65535,1,307180,0,307180,307180,39559789,0,39559789,39559789,Android_SMS_Malware
1499935,2,0,0,1.333391114,1499935,0,1499935,1499935,0,0,0,0,0,0,0,0,1,1369,-1,0,0,0,0,0,0,0,0,Android_SMS_Malware
1585777,4,5,33.42210159,5.675451214,198222.125,295049.6934,909279,3010,0,46,5.5,14.27702116,203.8333333,0,1,0,1,33,1689,0,0,0,0,0,0,0,0,Android_SMS_Malware
24151,1,1,0,82.81230591,24151,0,24151,24151,0,0,0,0,0,0,0,0,1,1505,939,0,0,0,0,0,0,0,0,Android_SMS_Malware
269115,1,1,0,7.431767088,269115,0,269115,269115,0,0,0,0,0,0,0,0,1,1403,0,0,0,0,0,0,0,0,0,Android_SMS_Malware
1820,2,0,0,1098.901099,1820,0,1820,1820,0,0,0,0,0,0,0,0,1,1386,-1,0,0,0,0,0,0,0,0,Android_SMS_Malware
15188533,7,5,279.5530023,0.790069719,1380775.727,4489981.821,14918352,47,23,1350,430.4615385,600.8747256,361050.4359,0,0,0,0,-1,-1,202233,0,202233,202233,14918352,0,14918352,14918352,Android_SMS_Malware
544965,3,3,2543.282596,11.00988137,108993,139620.7606,262509,5,0,1193,198,444.6103163,197678.3333,0,0,0,0,65535,133,0,0,0,0,0,0,0,0,Android_SMS_Malware
42010,1,2,737.919543,71.41156867,21005,29616.46042,41947,63,0,31,7.75,15.5,240.25,0,0,0,1,8170,63,0,0,0,0,0,0,0,0,Android_SMS_Malware
30455913,5,3,36.4461246,0.262674772,4350844.714,11172414.72,29685477,310,0,1018,123.3333333,336.8768321,113486,0,0,0,0,65535,33,0,0,0,0,0,0,0,0,Android_SMS_Malware
1445298,2,0,0,1.383797667,1445298,0,1445298,1445298,0,0,0,0,0,0,0,0,1,1369,-1,0,0,0,0,0,0,0,0,Android_SMS_Malware
107523701,26,44,376.4007342,0.651019258,1558314.507,9057297.324,59907993,1,0,1340,570.028169,634.4376131,402511.0849,0,0,0,0,65535,4580,587656,335420.3443,824834,350478,53174182.5,9523046.136,59907993,46440372,Android_SMS_Malware
10508674,6,9,817.8957688,1.427392267,750619.5714,2662056.059,9994402,4,0,1460,537.1875,684.2792041,468238.0292,0,0,0,0,65535,511,0,0,0,0,0,0,0,0,Android_SMS_Malware
12474548,4,4,29.25957718,0.641305801,1782078.286,4381532.867,11715293,44,0,228,40.55555556,83.6288095,6993.777778,0,0,0,0,65535,235,0,0,0,0,0,0,0,0,Android_SMS_Malware
159368,1,1,0,12.5495708,159368,0,159368,159368,0,0,0,0,0,0,0,0,1,181,1548,0,0,0,0,0,0,0,0,Android_SMS_Malware
2378,1,1,0,841.0428932,2378,0,2378,2378,0,0,0,0,0,0,0,0,1,16383,65535,0,0,0,0,0,0,0,0,Android_SMS_Malware
3564,1,1,0,561.1672278,3564,0,3564,3564,0,0,0,0,0,0,0,0,1,3840,1550,0,0,0,0,0,0,0,0,Android_SMS_Malware
4561002,3,0,0,0.657750205,2280501,3171420.583,4523034,37968,0,0,0,0,0,0,0,0,1,1597,-1,0,0,0,0,0,0,0,0,Android_SMS_Malware
10466123,2,2,0,0.382185457,3488707.667,5717770.665,10090109,92998,0,0,0,0,0,0,0,0,0,65535,29,0,0,0,0,0,0,0,0,Android_SMS_Malware
6326901,2,0,0,0.316110526,6326901,0,6326901,6326901,0,0,0,0,0,0,0,0,1,1403,-1,0,0,0,0,0,0,0,0,Android_SMS_Malware
10338,2,1,0,290.1915264,5169,1723.926333,6388,3950,0,0,0,0,0,0,0,0,1,349,1546,0,0,0,0,0,0,0,0,Android_SMS_Malware
79427364,24,24,232.6528172,0.604325733,1689943.915,10929148.43,74999316,8,0,1440,377.122449,574.5343271,330089.693,0,0,0,0,65535,138,0,0,0,0,0,0,0,0,Android_SMS_Malware
240079,1,2,0,12.49588677,120039.5,169738.8615,240063,16,0,0,0,0,0,0,0,0,1,1385,520,0,0,0,0,0,0,0,0,Android_SMS_Malware
1386,1,1,249639.2496,1443.001443,1386,0,1386,1386,52,294,132.6666667,139.7187651,19521.33333,0,0,0,0,-1,-1,0,0,0,0,0,0,0,0,Android_SMS_Malware
2114835,2,0,0,0.945700256,2114835,0,2114835,2114835,0,0,0,0,0,0,0,0,1,1597,-1,0,0,0,0,0,0,0,0,Android_SMS_Malware
548682,3,3,820.1471891,10.93529585,109736.4,132956.6166,254399,32,0,450,64.28571429,170.0840129,28928.57143,0,0,0,0,65535,400,0,0,0,0,0,0,0,0,Android_SMS_Malware
31667,1,1,3915.748255,63.15722992,31667,0,31667,31667,35,89,53,31.17691454,972,0,0,0,0,-1,-1,0,0,0,0,0,0,0,0,Android_SMS_Malware
902668,2,2,555.0213367,4.431308078,300889.3333,352181.9324,707554,97544,17,414,110,170.6077372,29107,0,0,0,0,-1,-1,0,0,0,0,0,0,0,0,Android_SMS_Malware
63,2,0,0,31746.03175,63,0,63,63,0,0,0,0,0,1,0,0,0,0,-1,0,0,0,0,0,0,0,0,Android_SMS_Malware
59,2,0,0,33898.30508,59,0,59,59,0,0,0,0,0,0,0,0,1,776,-1,0,0,0,0,0,0,0,0,Android_SMS_Malware
37420,1,1,0,53.44735436,37420,0,37420,37420,0,0,0,0,0,0,0,0,1,4250,393,0,0,0,0,0,0,0,0,Android_SMS_Malware
252957,2,1,0,11.85972319,126478.5,159112.4608,238988,13969,0,0,0,0,0,0,0,0,1,290,290,0,0,0,0,0,0,0,0,Android_SMS_Malware
21629,1,2,0,138.7026677,10814.5,15066.32419,21468,161,0,0,0,0,0,0,0,0,1,114,1386,0,0,0,0,0,0,0,0,Android_SMS_Malware
1651566,2,0,0,1.21097189,1651566,0,1651566,1651566,0,0,0,0,0,0,0,0,1,1369,-1,0,0,0,0,0,0,0,0,Android_SMS_Malware
63569851,156,156,3267.586706,4.907986964,204404.6656,3321733.818,58555073,2,0,1448,663.6421725,713.383887,508916.5703,0,0,0,0,65535,155,0,0,0,0,0,0,0,0,Android_SMS_Malware
652735,10,9,10197.09377,29.1082905,36263.05556,41527.90118,135946,14,0,1418,332.8,523.1736755,273710.6947,0,0,0,0,65535,351,0,0,0,0,0,0,0,0,Android_SMS_Malware
12713068,3,1,0,0.314636876,4237689.333,7129956.037,12469521,3521,0,0,0,0,0,0,0,0,0,65535,14600,0,0,0,0,0,0,0,0,Android_SMS_Malware
24142,1,1,5384.806561,82.84317786,24142,0,24142,24142,36,94,55.33333333,33.48631561,1121.333333,0,0,0,0,-1,-1,0,0,0,0,0,0,0,0,Android_SMS_Malware
1870352,2,0,0,1.069317433,1870352,0,1870352,1870352,0,0,0,0,0,0,0,0,1,1388,-1,0,0,0,0,0,0,0,0,Android_SMS_Malware
694087,2,2,34.57779788,5.762966314,231362.3333,209025.5899,406639,22,0,12,7.2,6.57267069,43.2,0,1,0,1,1386,2656,0,0,0,0,0,0,0,0,Android_SMS_Malware
45493,5,0,1340.865628,109.9070187,11373.25,13683.29379,31660,2468,0,38,10.16666667,16.4489108,270.5666667,0,0,0,1,2362,-1,0,0,0,0,0,0,0,0,Android_SMS_Malware
2131693,5,6,7.036660532,5.160217724,213169.3,280352.9809,925151,2675,0,3,1.5,1.566698904,2.454545455,0,1,0,1,35,9034,0,0,0,0,0,0,0,0,Android_SMS_Malware
228,2,0,0,8771.929825,228,0,228,228,0,0,0,0,0,0,0,0,1,1825,-1,0,0,0,0,0,0,0,0,Android_SMS_Malware
48,2,0,479166.6667,41666.66667,48,0,48,48,0,23,15.33333333,13.27905619,176.3333333,0,1,0,1,114,-1,0,0,0,0,0,0,0,0,Android_SMS_Malware
4258632,3,0,0,0.70445157,2129316,2965006.214,4225892,32740,0,0,0,0,0,0,0,0,1,2184,-1,0,0,0,0,0,0,0,0,Android_SMS_Malware
2809636,2,0,0,0.711835982,2809636,0,2809636,2809636,0,0,0,0,0,0,0,0,1,1547,-1,0,0,0,0,0,0,0,0,Android_SMS_Malware
30093276,7,10,142.5899925,0.564910248,1880829.75,7465815.896,29877554,7,0,1448,238.3888889,472.1281156,222904.9575,0,0,0,0,65535,118,214675,0,214675,214675,29877554,0,29877554,29877554,Android_SMS_Malware
18288822,4,2,0,0.328069244,3657764.4,6448614.842,14920254,8080,0,0,0,0,0,0,0,0,0,65535,28960,102599,0,102599,102599,14920254,0,14920254,14920254,Android_SMS_Malware
70876,1,1,0,28.21829674,70876,0,70876,70876,0,0,0,0,0,0,0,0,1,362,1593,0,0,0,0,0,0,0,0,Android_SMS_Malware
37933,2,0,0,52.72454064,37933,0,37933,37933,0,0,0,0,0,0,0,0,1,1546,-1,0,0,0,0,0,0,0,0,Android_SMS_Malware
10349346,9,9,641.1999367,1.739240335,608785.0588,2442500.836,10086577,2,0,1448,349.2631579,559.1097926,312603.7602,0,0,0,0,65535,61,262723,0,262723,262723,10086577,0,10086577,10086577,Android_SMS_Malware
5297,2,0,0,377.5722107,5297,0,5297,5297,0,0,0,0,0,0,0,0,1,65535,-1,0,0,0,0,0,0,0,0,Android_SMS_Malware
10270,2,0,0,194.7419669,10270,0,10270,10270,0,0,0,0,0,0,0,0,1,1369,-1,0,0,0,0,0,0,0,0,Android_SMS_Malware
186,1,1,295698.9247,10752.68817,186,0,186,186,0,55,36.66666667,31.75426481,1008.333333,0,1,0,1,360,360,0,0,0,0,0,0,0,0,Android_SMS_Malware
891,2,0,0,2244.668911,891,0,891,891,0,0,0,0,0,0,0,0,1,362,-1,0,0,0,0,0,0,0,0,Android_SMS_Malware
3160364,8,13,4333.045181,6.644804206,158018.2,480578.0339,1904678,22,0,1448,622.4545455,669.848933,448697.5931,0,0,0,0,65535,991,0,0,0,0,0,0,0,0,Android_SMS_Malware
33607,2,0,0,59.51141131,33607,0,33607,33607,0,0,0,0,0,0,0,0,1,498,-1,0,0,0,0,0,0,0,0,Android_SMS_Malware
94538933,26,20,232.6131605,0.486572024,2100865.178,13521422.48,90770057,6,0,1448,467.893617,535.7099407,286985.1406,0,0,0,0,65535,183,3768821,0,3768821,3768821,90770057,0,90770057,90770057,Android_SMS_Malware
1511503,1,1,82.69914119,1.323186259,1511503,0,1511503,1511503,33,92,52.66666667,34.06366588,1160.333333,0,0,0,0,-1,-1,0,0,0,0,0,0,0,0,Android_SMS_Malware
258245,1,1,0,7.744583632,258245,0,258245,258245,0,0,0,0,0,0,0,0,1,1386,125,0,0,0,0,0,0,0,0,Android_SMS_Malware
484930,4,4,5980.244571,16.4972264,69275.71429,115743.9956,238700,340,0,1460,322.2222222,607.4081778,368944.6944,0,0,0,0,65535,160,0,0,0,0,0,0,0,0,Android_SMS_Malware
528417,4,4,3659.988229,15.13955834,75488.14286,103564.4901,220854,362,0,1232,214.8888889,411.714842,169509.1111,0,0,0,0,65535,142,0,0,0,0,0,0,0,0,Android_SMS_Malware
5932087,15,13,2237.998195,4.720092608,219706.9259,609505.8434,2528952,4,0,1448,457.7931034,582.8496731,339713.7414,0,0,0,0,65535,1073,0,0,0,0,0,0,0,0,Android_SMS_Malware
42909030,22,18,447.1552958,0.932204713,1100231.538,4971368.146,29993431,4,0,1460,467.9756098,590.7969824,349041.0744,0,0,0,0,65535,544,1979489.5,2715030.532,3899306,59673,19475010,14875293.63,29993431,8956589,Android_SMS_Malware
96189566,4,0,0.322280277,0.041584552,32063188.67,55504609.49,96154388,251,0,31,6.2,13.86362146,192.2,0,0,0,1,468,-1,34927,0,34927,34927,96154388,0,96154388,96154388,Android_SMS_Malware
3588,2,1,17001.11483,836.1204013,1794,1578.262336,2910,678,0,38,24.75,17.95132307,322.25,0,1,0,1,1901,362,0,0,0,0,0,0,0,0,Android_SMS_Malware
30920261,17,20,534.7302858,1.19662638,858896.1389,4912110.489,29509431,6,0,1448,435.1052632,564.4298625,318581.0697,0,0,0,0,65535,147,0,0,0,0,0,0,0,0,Android_SMS_Malware
54249511,9,6,75.3739513,0.276500188,3874965.071,14383223.66,53847693,8,0,1460,255.5625,495.3502423,245371.8625,0,0,0,0,65535,60,0,0,0,0,0,0,0,0,Android_SMS_Malware
47562,1,1,4205.037635,42.05037635,47562,0,47562,47562,32,168,77.33333333,78.51963661,6165.333333,0,0,0,0,-1,-1,0,0,0,0,0,0,0,0,Android_SMS_Malware
23663,2,0,0,84.52013692,23663,0,23663,23663,0,0,0,0,0,0,0,0,1,1822,-1,0,0,0,0,0,0,0,0,Android_SMS_Malware
158,2,0,0,12658.22785,158,0,158,158,0,0,0,0,0,0,0,0,1,1025,-1,0,0,0,0,0,0,0,0,Android_SMS_Malware
526631,3,4,2487.51023,13.2920394,87771.83333,115828.591,235130,6,0,815,163.75,315.0368459,99248.21429,0,0,0,0,65535,400,0,0,0,0,0,0,0,0,Android_SMS_Malware
1990,1,1,0,1005.025126,1990,0,1990,1990,0,0,0,0,0,0,0,0,1,137,1386,0,0,0,0,0,0,0,0,Android_SMS_Malware
32973,2,0,0,60.65568799,32973,0,32973,32973,0,0,0,0,0,0,0,0,1,1550,-1,0,0,0,0,0,0,0,0,Android_SMS_Malware
25845,2,0,0,77.38440704,25845,0,25845,25845,0,0,0,0,0,0,0,0,1,1369,-1,0,0,0,0,0,0,0,0,Android_Scareware
7042,19,12,3612610.054,4402.158478,234.7333333,379.0347026,1897,8,0,1448,840.25,714.5268229,510548.5806,0,0,0,1,292,0,0,0,0,0,0,0,0,0,Android_Scareware
1476294,2,0,0,1.354743703,1476294,0,1476294,1476294,0,0,0,0,0,0,0,0,1,1369,-1,0,0,0,0,0,0,0,0,Android_Scareware
697838,1,1,249.3415377,2.865994686,697838,0,697838,697838,41,133,71.66666667,53.11622477,2821.333333,0,0,0,0,-1,-1,0,0,0,0,0,0,0,0,Android_Scareware
8974721,2,0,0,0.222848153,8974721,0,8974721,8974721,0,0,0,0,0,0,0,0,1,1505,-1,0,0,0,0,0,0,0,0,Android_Scareware
1201788,2,0,0,1.664187028,1201788,0,1201788,1201788,0,0,0,0,0,0,0,0,1,1386,-1,0,0,0,0,0,0,0,0,Android_Scareware
294,1,2,261904.7619,10204.08163,147,202.2325394,290,4,0,46,30.75,21.68524844,470.25,0,1,0,1,122,122,0,0,0,0,0,0,0,0,Android_Scareware
1036202,2,0,0,1.930125593,1036202,0,1036202,1036202,0,0,0,0,0,0,0,0,1,1386,-1,0,0,0,0,0,0,0,0,Android_Scareware
24828,1,1,0,80.55421299,24828,0,24828,24828,0,0,0,0,0,0,0,0,1,1550,1121,0,0,0,0,0,0,0,0,Android_Scareware
762620,1,1,156.0410165,2.622538092,762620,0,762620,762620,38,81,52.33333333,24.82606158,616.3333333,0,0,0,0,-1,-1,0,0,0,0,0,0,0,0,Android_Scareware
7589469,12,9,860.1392271,2.766991999,379473.45,1123821.649,4378162,6,0,1448,296.7272727,506.7625707,256808.303,0,0,0,0,65535,79,0,0,0,0,0,0,0,0,Android_Scareware
17196395,8,8,388.1627516,0.930427569,1146426.333,4337967.05,16826606,1,0,1460,392.6470588,616.9423536,380617.8676,0,0,0,0,65535,31,369789,0,369789,369789,16826606,0,16826606,16826606,Android_Scareware
111490,1,1,0,17.93882859,111490,0,111490,111490,0,0,0,0,0,0,0,0,1,340,1369,0,0,0,0,0,0,0,0,Android_Scareware
15323552,3,1,0,0.261036084,5107850.667,8618847.264,15058976,6365,0,0,0,0,0,0,0,0,0,65535,12960,0,0,0,0,0,0,0,0,Android_Scareware
4363946,2,0,0,0.458300813,4363946,0,4363946,4363946,0,0,0,0,0,0,0,0,1,1477,-1,0,0,0,0,0,0,0,0,Android_Scareware
32915376,8,6,104.510427,0.425333133,2531952,8201391.654,29797003,115,0,1452,229.3333333,502.5382241,252544.6667,0,0,0,0,65535,548,0,0,0,0,0,0,0,0,Android_Scareware
1405,1,1,148754.4484,1423.487544,1405,0,1405,1405,37,172,82,77.94228634,6075,0,0,0,0,-1,-1,0,0,0,0,0,0,0,0,Android_Scareware
539284,4,3,5047.433263,12.98017371,89880.66667,134219.8579,263239,73,0,1460,340.25,600.2334665,360280.2143,0,0,0,0,65535,160,0,0,0,0,0,0,0,0,Android_Scareware
20046382,6,3,35.16844087,0.44895882,2505797.75,6795679.638,19321790,922,0,517,70.5,162.9439236,26550.72222,0,0,0,0,65535,123,0,0,0,0,0,0,0,0,Android_Scareware
13525643,4,1,0,0.369668193,3381410.75,5878471.152,12177943,2162,0,0,0,0,0,0,0,0,0,65535,14600,0,0,0,0,0,0,0,0,Android_Scareware
95554,1,1,2710.509241,20.93057329,95554,0,95554,95554,33,226,97.33333333,111.428602,12416.33333,0,0,0,0,-1,-1,0,0,0,0,0,0,0,0,Android_Scareware
283445,8,9,29815.30808,59.97636226,17715.3125,18668.21621,61834,15,30,1350,544.5,624.9201596,390525.2059,0,0,0,0,-1,-1,0,0,0,0,0,0,0,0,Android_Scareware
37287,1,1,0,53.63799716,37287,0,37287,37287,0,0,0,0,0,0,0,0,1,1369,349,0,0,0,0,0,0,0,0,Android_Scareware
6409160,3,0,0,0.46808006,3204580,4318583.955,6258280,150880,0,0,0,0,0,0,0,0,1,287,-1,0,0,0,0,0,0,0,0,Android_Scareware
526876,3,3,1408.301004,11.38787874,105375.2,124026.0744,240986,660,0,489,106,193.4244038,37413,0,0,0,0,65535,31,0,0,0,0,0,0,0,0,Android_Scareware
5499583,2,2,0,0.727327872,1833194.333,2958451.387,5246504,6446,0,0,0,0,0,0,0,0,0,65535,29,0,0,0,0,0,0,0,0,Android_Scareware
21427522,3,0,0,0.140006857,10713761,15090766.04,21384544,42978,0,0,0,0,0,0,0,0,1,57,-1,0,0,0,0,0,0,0,0,Android_Scareware
5775553,4,4,141.9777465,1.385148747,825079,1847362.984,4994838,1486,0,451,91.11111111,181.9515351,33106.36111,0,0,0,0,65535,122,0,0,0,0,0,0,0,0,Android_Scareware
10517490,6,8,377.8468057,1.331116074,809037.6923,2638572.963,9582881,22,0,1460,264.9333333,498.6751686,248676.9238,0,0,0,0,65535,131,934239,0,934239,934239,9582881,0,9582881,9582881,Android_Scareware
6335979,2,0,0,0.315657612,6335979,0,6335979,6335979,0,0,0,0,0,0,0,0,1,3704,-1,0,0,0,0,0,0,0,0,Android_Scareware
31387,1,1,5097.651894,63.72064868,31387,0,31387,31387,34,126,64.66666667,53.11622477,2821.333333,0,0,0,0,-1,-1,0,0,0,0,0,0,0,0,Android_Scareware
190,3,0,405263.1579,15789.47368,95,87.68124087,157,33,0,46,30.75,21.68524844,470.25,0,1,0,1,126,-1,0,0,0,0,0,0,0,0,Android_Scareware
3574772,2,0,0,0.559476241,3574772,0,3574772,3574772,0,0,0,0,0,0,0,0,1,1974,-1,0,0,0,0,0,0,0,0,Android_Scareware
563,2,0,0,3552.397869,563,0,563,563,0,0,0,0,0,0,0,0,1,1505,-1,0,0,0,0,0,0,0,0,Android_Scareware
1804611,2,0,0,1.108272087,1804611,0,1804611,1804611,0,0,0,0,0,0,0,0,1,1369,-1,0,0,0,0,0,0,0,0,Android_Scareware
606592,1,1,196.1779911,3.297109095,606592,0,606592,606592,31,88,50,32.90896534,1083,0,0,0,0,-1,-1,0,0,0,0,0,0,0,0,Android_Scareware
9365487,2,0,0,0.213550027,9365487,0,9365487,9365487,0,0,0,0,0,0,0,0,1,1386,-1,0,0,0,0,0,0,0,0,Android_Scareware
137597,2,2,973.8584417,29.07040124,45865.66667,10460.87828,57943,39644,20,49,36.6,14.84250653,220.3,0,0,0,0,-1,-1,0,0,0,0,0,0,0,0,Android_Scareware
88834787,8,5,62.16033365,0.146339069,7402898.917,15313760.97,44636699,1648,0,1039,468.6428571,463.2224266,214575.0165,0,1,0,1,1537,626,141842,71678.56881,223579,89699,29342531,18085719.53,44636699,9380433,Android_Scareware
1439183,2,0,0,1.389677338,1439183,0,1439183,1439183,0,0,0,0,0,0,0,0,1,1872,-1,0,0,0,0,0,0,0,0,Android_Scareware
2240,1,1,0,892.8571429,2240,0,2240,2240,0,0,0,0,0,0,0,0,1,118,1386,0,0,0,0,0,0,0,0,Android_Scareware
331,2,0,0,6042.296073,331,0,331,331,0,0,0,0,0,0,0,0,1,115,-1,0,0,0,0,0,0,0,0,Android_Scareware
6653675,3,0,0,0.45087865,3326837.5,4640298.449,6608024,45651,0,0,0,0,0,0,0,0,1,418,-1,0,0,0,0,0,0,0,0,Android_Scareware
16177369,4,4,63.73100595,0.49451799,2311052.714,6024819.745,15973774,43,0,607,114.5555556,231.8723308,53764.77778,0,0,0,0,65535,30,0,0,0,0,0,0,0,0,Android_Scareware
60075425,219,383,8236.21306,10.02073643,99959.10982,2237910.449,54832489,2,0,1398,820.5538972,674.7326762,455264.1844,0,0,0,0,65535,143,5033131,0,5033131,5033131,54832489,0,54832489,54832489,Android_Scareware
30519561,9,9,201.5101069,0.589785679,1795268.294,7162699.933,29588375,5,0,1460,323.6842105,541.1060743,292795.7836,0,0,0,0,65535,131,931141,0,931141,931141,29588375,0,29588375,29588375,Android_Scareware
94291,1,1,2428.651727,21.21093211,94291,0,94291,94291,50,179,93,74.47818473,5547,0,0,0,0,-1,-1,0,0,0,0,0,0,0,0,Android_Scareware
39,1,1,794871.7949,51282.05128,39,0,39,39,0,31,20.66666667,17.89785834,320.3333333,0,1,0,1,131,131,0,0,0,0,0,0,0,0,Android_Scareware
273500,1,1,0,7.31261426,273500,0,273500,273500,0,0,0,0,0,0,0,0,1,1386,125,0,0,0,0,0,0,0,0,Android_Scareware
423197,1,2,0,7.088897133,211598.5,297877.924,422230,967,0,0,0,0,0,0,0,0,1,674,1386,0,0,0,0,0,0,0,0,Android_Scareware
84311,8,21,317692.8277,343.9646072,3011.107143,8186.07517,31419,1,0,1448,892.8333333,687.2327359,472288.8333,0,0,0,0,65535,118,0,0,0,0,0,0,0,0,Android_Scareware
78483,1,1,1669.151281,25.48322567,78483,0,78483,78483,45,86,58.66666667,23.67136104,560.3333333,0,0,0,0,-1,-1,0,0,0,0,0,0,0,0,Android_Scareware
12810134,3,1,0,0.312252784,4270044.667,7123373.123,12493413,1502,0,0,0,0,0,0,0,0,0,65535,8192,0,0,0,0,0,0,0,0,Android_Scareware
19722589,10,7,264.2655079,0.861955801,1232661.813,4846181.479,19404927,7,0,1418,289.5555556,529.433351,280299.6732,0,0,0,0,65535,349,317662,0,317662,317662,19404927,0,19404927,19404927,Android_Scareware
6274651,1,1,0,0.318742827,6274651,0,6274651,6274651,0,0,0,0,0,0,0,0,1,1369,776,0,0,0,0,0,0,0,0,Android_Scareware
7590076,3,0,0,0.395252959,3795038,5313842.407,7552492,37584,0,0,0,0,0,0,0,0,1,1731,-1,0,0,0,0,0,0,0,0,Android_Scareware
547546,1,1,228.2913216,3.652661146,547546,0,547546,547546,33,92,52.66666667,34.06366588,1160.333333,0,0,0,0,-1,-1,0,0,0,0,0,0,0,0,Android_Scareware
48600,1,1,2530.864198,41.15226337,48600,0,48600,48600,42,81,55,22.5166605,507,0,0,0,0,-1,-1,0,0,0,0,0,0,0,0,Android_Scareware
6509977,4,4,142.7040372,1.22888299,929996.7143,2436979.512,6456496,640,0,659,103.2222222,226.7398166,51410.94444,0,0,0,0,65535,674,0,0,0,0,0,0,0,0,Android_Scareware
92199,1,1,2635.603423,21.69220924,92199,0,92199,92199,32,211,91.66666667,103.3456982,10680.33333,0,0,0,0,-1,-1,0,0,0,0,0,0,0,0,Android_Scareware
36579,1,1,0,54.67618032,36579,0,36579,36579,0,0,0,0,0,0,0,0,1,1591,349,0,0,0,0,0,0,0,0,Android_Scareware
4980940,2,0,0,0.401530635,4980940,0,4980940,4980940,0,0,0,0,0,0,0,0,1,5837,-1,0,0,0,0,0,0,0,0,Android_Scareware
61696,1,1,3176.86722,32.41701245,61696,0,61696,61696,32,164,76,76.21023553,5808,0,0,0,0,-1,-1,0,0,0,0,0,0,0,0,Android_Scareware
11243667,8,11,278.289992,1.689840156,624648.1667,2145384.269,9179420,2,0,1460,156.45,352.5704819,124305.9447,0,0,0,0,65535,206,0,0,0,0,0,0,0,0,Android_Scareware
63924,1,1,0,31.28715349,63924,0,63924,63924,0,0,0,0,0,0,0,0,1,29,1369,0,0,0,0,0,0,0,0,Android_Scareware
50564,1,1,2274.345384,39.55383277,50564,0,50564,50564,34,81,49.66666667,27.13546265,736.3333333,0,0,0,0,-1,-1,0,0,0,0,0,0,0,0,Android_Scareware
12214838,6,5,37.16791005,0.900544076,1221483.8,3782118.332,11985279,445,0,247,37.83333333,80.20976288,6433.606061,0,0,0,0,65535,300,0,0,0,0,0,0,0,0,Android_Scareware
3609091,2,0,0,0.554156157,3609091,0,3609091,3609091,0,0,0,0,0,0,0,0,1,1369,-1,0,0,0,0,0,0,0,0,Android_Scareware
229268,8,8,27967.26975,69.78732313,15284.53333,19439.96512,55682,5,0,1418,377.1764706,575.7521423,331490.5294,0,0,0,0,65535,349,0,0,0,0,0,0,0,0,Android_Scareware
94688,1,1,2735.299088,21.12200068,94688,0,94688,94688,33,226,97.33333333,111.428602,12416.33333,0,0,0,0,-1,-1,0,0,0,0,0,0,0,0,Android_Scareware
32052668,20,34,1194.128364,1.68472715,604767.3208,4085512.033,29730907,2,0,1428,695.9090909,673.321377,453361.6768,0,0,0,0,65535,137,0,0,0,0,0,0,0,0,Android_Scareware
16050282,2,0,0,0.124608403,16050282,0,16050282,16050282,0,0,0,0,0,0,0,0,1,65535,-1,0,0,0,0,0,0,0,0,Android_Scareware
113459539,4,0,0,0.035254859,37819846.33,11937988.25,51201377,28262630,0,0,0,0,0,0,0,0,0,-1,-1,0,0,0,0,37819846.33,11937988.25,51201377,28262630,Android_Scareware
9302350,2,0,0,0.214999436,9302350,0,9302350,9302350,0,0,0,0,0,0,0,0,1,65535,-1,0,0,0,0,0,0,0,0,Android_Scareware
5514656,2,2,0,0.725339894,1838218.667,2953316.697,5245899,20952,0,0,0,0,0,0,0,0,0,65535,29,0,0,0,0,0,0,0,0,Android_Scareware
31120,1,1,2442.159383,64.26735219,31120,0,31120,31120,22,54,32.66666667,18.47520861,341.3333333,0,0,0,0,-1,-1,0,0,0,0,0,0,0,0,Android_Scareware
15146,1,1,0,132.0480655,15146,0,15146,15146,0,0,0,0,0,0,0,0,1,1369,679,0,0,0,0,0,0,0,0,Android_Scareware
44,1,1,1250000,45454.54545,44,0,44,44,0,55,36.66666667,31.75426481,1008.333333,0,1,0,1,349,349,0,0,0,0,0,0,0,0,Android_Scareware
61851929,10,8,77.49152011,0.291017601,3638348.765,14656140.55,60507317,6,0,1448,252.2631579,459.0998248,210772.6491,0,0,0,0,65535,123,301953,0,301953,301953,60507317,0,60507317,60507317,Android_Scareware
19318,1,1,0,103.5303862,19318,0,19318,19318,0,0,0,0,0,0,0,0,1,1567,675,0,0,0,0,0,0,0,0,Android_Scareware
287922,1,1,698.105737,6.946325741,287922,0,287922,287922,31,170,77.33333333,80.25168742,6440.333333,0,0,0,0,-1,-1,0,0,0,0,0,0,0,0,Android_Scareware
14699631,7,5,0,0.816347023,1336330.091,4189280.405,13965156,2439,0,0,0,0,0,0,0,0,0,65535,65535,0,0,0,0,0,0,0,0,Android_Scareware
356162,9,9,31269.4785,50.53879976,20950.70588,20958.64843,62020,40,30,1350,657.2105263,633.0854409,400797.1754,0,0,0,0,-1,-1,0,0,0,0,0,0,0,0,Android_Scareware
84,4,0,6309523.81,47619.04762,28,10.81665383,37,16,132,133,132.6,0.547722558,0.3,0,0,0,0,-1,-1,0,0,0,0,0,0,0,0,Android_Scareware
245033,1,1,0,8.162165912,245033,0,245033,245033,0,0,0,0,0,0,0,0,1,362,362,0,0,0,0,0,0,0,0,Android_Scareware
104119,9,8,52151.86469,163.2747145,6507.4375,9675.526521,23654,3,0,1448,301.6666667,540.2955618,291919.2941,0,0,0,0,65535,285,0,0,0,0,0,0,0,0,Android_Scareware
4912551,3,0,0,0.610680683,2456275.5,3419249.489,4874050,38501,0,0,0,0,0,0,0,0,1,1552,-1,0,0,0,0,0,0,0,0,Android_Scareware
4665116,2,0,0,0.428713884,4665116,0,4665116,4665116,0,0,0,0,0,0,0,0,1,1689,-1,0,0,0,0,0,0,0,0,Android_Scareware
1628757,5,4,1114.960672,5.525686152,203594.625,268254.8191,773119,311,0,802,181.6,303.226428,91946.26667,0,0,0,0,65535,400,0,0,0,0,0,0,0,0,Android_Scareware
31221,1,1,2498.31844,64.05944717,31221,0,31221,31221,31,47,36.33333333,9.237604307,85.33333333,0,0,0,0,-1,-1,0,0,0,0,0,0,0,0,Android_Scareware
30639315,17,17,612.0241265,1.109685383,928464.0909,5187910.525,29825351,6,0,1448,535.7714286,681.2280902,464071.7109,0,0,0,0,65535,122,0,0,0,0,0,0,0,0,Android_Scareware
3351745,2,0,0,0.596704105,3351745,0,3351745,3351745,0,0,0,0,0,0,0,0,1,1780,-1,0,0,0,0,0,0,0,0,Android_Scareware
2006644,32,46,28256.13313,38.87087097,26060.31169,146707.8132,1281161,5,0,1418,717.721519,665.3938478,442748.9727,0,0,0,0,65535,401,0,0,0,0,0,0,0,0,Android_Scareware
434527,1,2,71.34194193,6.904058896,217263.5,256565.9174,398683,35844,0,31,7.75,15.5,240.25,0,0,0,1,1552,62,0,0,0,0,0,0,0,0,Android_Scareware
12421430,21,21,974.1229472,3.381253205,302961.7073,1465941.931,9328116,3,0,1368,313.2093023,453.9679325,206086.8837,0,0,0,1,2743,1099,355946,0,355946,355946,9328116,0,9328116,9328116,Android_Scareware
43679713,2,0,0,0.045787847,43679713,0,43679713,43679713,0,0,0,0,0,0,0,0,1,1689,-1,0,0,0,0,0,0,0,0,Android_Scareware
16215934,4,2,0,0.370006439,3243186.8,6257253.66,14378229,1222,0,0,0,0,0,0,0,0,0,65535,14600,0,0,0,0,0,0,0,0,Android_Scareware
48154538,2,0,0,0.04153295,48154538,0,48154538,48154538,0,0,0,0,0,0,0,0,1,1552,-1,0,0,0,0,0,0,0,0,Android_Scareware
31265,1,1,4477.850632,63.96929474,31265,0,31265,31265,30,110,56.66666667,46.18802154,2133.333333,0,0,0,0,-1,-1,0,0,0,0,0,0,0,0,Android_Scareware
1525,2,0,0,1311.47541,1525,0,1525,1525,0,0,0,0,0,0,0,0,1,1369,-1,0,0,0,0,0,0,0,0,Android_Scareware
25677329,2,0,0,0.077889721,25677329,0,25677329,25677329,0,0,0,0,0,0,0,0,1,1386,-1,0,0,0,0,0,0,0,0,Benign
1476,1,1,132791.3279,1355.01355,1476,0,1476,1476,37,159,77.66666667,70.43673284,4961.333333,0,0,0,0,-1,-1,0,0,0,0,0,0,0,0,Benign
4753,1,1,0,420.7868714,4753,0,4753,4753,0,0,0,0,0,0,0,0,1,54,1386,0,0,0,0,0,0,0,0,Benign
47911,1,1,4257.894847,41.74406712,47911,0,47911,47911,38,166,80.66666667,73.90083446,5461.333333,0,0,0,0,-1,-1,0,0,0,0,0,0,0,0,Benign
522638,3,3,3564.608773,11.48022149,104527.6,137352.6299,255016,126,0,1364,266.1428571,518.5995335,268945.4762,0,0,0,0,65535,123,0,0,0,0,0,0,0,0,Benign
327689,1,1,350.9425095,6.103347992,327689,0,327689,327689,38,77,51,22.5166605,507,0,0,0,0,-1,-1,0,0,0,0,0,0,0,0,Benign
228420,2,0,183.8718151,8.755800718,228420,0,228420,228420,0,42,14,24.24871131,588,0,0,0,1,1403,-1,0,0,0,0,0,0,0,0,Benign
1615804,2,1,0,1.856660833,807902,1092557.759,1580457,35347,0,0,0,0,0,0,0,0,1,1369,137,0,0,0,0,0,0,0,0,Benign
18299415,8,6,270.7190366,0.765051779,1407647.308,4945560.258,17866656,14,0,1460,330.2666667,586.7487253,344274.0667,0,0,0,0,65535,31,432759,0,432759,432759,17866656,0,17866656,17866656,Benign
241,1,1,373443.9834,8298.755187,241,0,241,241,29,61,39.66666667,18.47520861,341.3333333,0,0,0,0,-1,-1,0,0,0,0,0,0,0,0,Benign
10755811,2,0,0,0.185945997,10755811,0,10755811,10755811,0,0,0,0,0,0,0,0,1,6719,-1,0,0,0,0,0,0,0,0,Benign
13034320,21,28,1747.61706,3.759306201,271548.3333,1395935.772,9661297,1,0,1460,455.58,615.231335,378509.5955,0,0,0,0,65535,240,0,0,0,0,0,0,0,0,Benign
522079,1,1,216.4423392,3.830837862,522079,0,522079,522079,29,84,47.33333333,31.75426481,1008.333333,0,0,0,0,-1,-1,0,0,0,0,0,0,0,0,Benign
226755,1,1,0,8.82009217,226755,0,226755,226755,0,0,0,0,0,0,0,0,1,362,362,0,0,0,0,0,0,0,0,Benign
1012094,3,0,0,2.964151551,506047,659505.7669,972388,39706,0,0,0,0,0,0,0,0,1,2054,-1,0,0,0,0,0,0,0,0,Benign
44,1,1,704545.4545,45454.54545,44,0,44,44,0,31,20.66666667,17.89785834,320.3333333,0,1,0,1,129,129,0,0,0,0,0,0,0,0,Benign
1266443,9,7,5049.575859,12.63380981,84429.53333,112157.6195,259722,11,0,1460,376.1764706,576.348336,332177.4044,0,0,0,0,65535,177,0,0,0,0,0,0,0,0,Benign
5173874,3,0,0,0.579836308,2586937,3610907.246,5140234,33640,0,0,0,0,0,0,0,0,1,2274,-1,0,0,0,0,0,0,0,0,Benign
66356704,13,11,115.0147542,0.361681617,2885074.087,12650977.85,60728726,5,0,1448,305.28,536.0455142,287344.7933,0,0,0,0,65535,128,630609,0,630609,630609,60728726,0,60728726,60728726,Benign
50689,1,1,2091.183491,39.45629229,50689,0,50689,50689,34,72,46.66666667,21.93931023,481.3333333,0,0,0,0,-1,-1,0,0,0,0,0,0,0,0,Benign
6362032,1,2,0,0.471547455,3181016,4364087.691,6266892,95140,0,0,0,0,0,0,0,0,1,169,8157,0,0,0,0,0,0,0,0,Benign
87056,1,1,1998.713472,22.97371807,87056,0,87056,87056,35,139,69.66666667,60.044428,3605.333333,0,0,0,0,-1,-1,0,0,0,0,0,0,0,0,Benign
6519983,2,0,0,0.306749266,6519983,0,6519983,6519983,0,0,0,0,0,0,0,0,1,4322,-1,0,0,0,0,0,0,0,0,Benign
2740783,3,0,0,1.094577717,1370391.5,1883065.663,2701920,38863,0,0,0,0,0,0,0,0,1,1641,-1,0,0,0,0,0,0,0,0,Benign
59665987,3,1,0,0.06703987,19888662.33,34415833.37,59628639,2019,0,0,0,0,0,0,0,0,0,65535,65535,0,0,0,0,0,0,0,0,Benign
23119290,2,0,0,0.086507847,23119290,0,23119290,23119290,0,0,0,0,0,0,0,0,1,1369,-1,0,0,0,0,0,0,0,0,Benign
916781,8,4,4903.024823,13.0892765,83343.72727,104183.8397,234796,51,0,1460,345.7692308,537.9363584,289375.5256,0,0,0,0,65535,131,0,0,0,0,0,0,0,0,Benign
8899977,47,45,6689.904929,10.33710537,97801.94505,592013.9829,4654661,5,0,1448,640.2150538,697.674816,486750.1489,0,0,0,0,65535,1054,0,0,0,0,0,0,0,0,Benign
4479978,2,0,0,0.446430764,4479978,0,4479978,4479978,0,0,0,0,0,0,0,0,1,1369,-1,0,0,0,0,0,0,0,0,Benign
4114712,3,0,0,0.729091125,2057356,2660272.89,3938453,176259,0,0,0,0,0,0,0,0,1,302,-1,0,0,0,0,0,0,0,0,Benign
8082216,3,0,0,0.371185328,4041108,5671390.951,8051387,30829,0,0,0,0,0,0,0,0,1,3315,-1,0,0,0,0,0,0,0,0,Benign
465497,11,9,17753.06823,42.96483114,24499.84211,35867.19272,140999,23,0,1418,393.5238095,549.150309,301566.0619,0,0,0,0,65535,365,0,0,0,0,0,0,0,0,Benign
460575,265,860,2685026.326,2442.598925,409.7642349,2271.846107,55878,0,0,1448,1098.273535,616.0782993,379552.4709,0,0,0,0,65535,123,0,0,0,0,0,0,0,0,Benign
27117850,3,1,0,0.147504319,9039283.333,15577425.29,27026519,19334,0,0,0,0,0,0,0,0,0,65535,14600,0,0,0,0,0,0,0,0,Benign
68460712,18,25,224.8442873,0.62809747,1630016.952,10000125.51,64853914,3,0,1398,349.8409091,544.4433873,296418.602,0,0,0,0,65535,135,3606743,0,3606743,3606743,64853914,0,64853914,64853914,Benign
86724,1,1,0,23.0616669,86724,0,86724,86724,0,0,0,0,0,0,0,0,1,340,1369,0,0,0,0,0,0,0,0,Benign
828754,8,6,4688.96681,16.89282948,63750.30769,111835.0011,259303,9,0,1460,259.0666667,505.3278238,255356.2095,0,0,0,0,65535,169,0,0,0,0,0,0,0,0,Benign
698860,2,0,65.8214807,2.861803509,698860,0,698860,698860,23,23,23,0,0,0,1,0,1,1591,-1,0,0,0,0,0,0,0,0,Benign
1881,1,1,65390.7496,1063.264221,1881,0,1881,1881,31,92,51.33333333,35.21836642,1240.333333,0,0,0,0,-1,-1,0,0,0,0,0,0,0,0,Benign
83469,1,1,1269.93255,23.96099151,83469,0,83469,83469,0,106,70.66666667,61.19912853,3745.333333,0,0,0,1,115,0,0,0,0,0,0,0,0,0,Benign
5469851,2,0,0,0.365640673,5469851,0,5469851,5469851,0,0,0,0,0,0,0,0,1,6117,-1,0,0,0,0,0,0,0,0,Benign
2728433,2,0,0,0.733021482,2728433,0,2728433,2728433,0,0,0,0,0,0,0,0,1,2966,-1,0,0,0,0,0,0,0,0,Benign
804590,1,1,151.6300227,2.485738078,804590,0,804590,804590,32,90,51.33333333,33.48631561,1121.333333,0,0,0,0,-1,-1,0,0,0,0,0,0,0,0,Benign
97178,1,1,1008.458705,20.58078989,97178,0,97178,97178,29,69,42.33333333,23.09401077,533.3333333,0,0,0,0,-1,-1,0,0,0,0,0,0,0,0,Benign
87373166,4,0,0,0.045780646,29124388.67,27355081.77,54777686,337422,0,0,0,0,0,0,0,0,0,-1,-1,337422,0,337422,337422,43517872,15923781.67,54777686,32258058,Benign
76803293,6,6,43.43563758,0.156243301,6982117.545,22560209.15,74998891,940,0,1349,256.6153846,494.5123083,244542.4231,0,0,0,0,65535,157,0,0,0,0,0,0,0,0,Benign
180497,45,44,332786.6945,493.0829875,2051.102273,5319.597278,26078,4,0,1448,667.4111111,720.4819064,519094.1774,0,0,0,0,65535,285,0,0,0,0,0,0,0,0,Benign
253920,1,1,421.3925646,7.876496534,253920,0,253920,253920,27,80,44.66666667,30.59956427,936.3333333,0,0,0,0,-1,-1,0,0,0,0,0,0,0,0,Benign
322848,10,10,7374.98761,61.94865695,16992,23756.58604,82138,42,0,915,113.3809524,234.8604854,55159.44762,0,0,0,0,65535,362,0,0,0,0,0,0,0,0,Benign
187,2,0,0,10695.18717,187,0,187,187,0,0,0,0,0,0,0,0,1,349,-1,0,0,0,0,0,0,0,0,Benign
43001,2,0,0,46.51054627,43001,0,43001,43001,0,0,0,0,0,0,0,0,1,1641,-1,0,0,0,0,0,0,0,0,Benign
41,1,1,1341463.415,48780.4878,41,0,41,41,0,55,36.66666667,31.75426481,1008.333333,0,1,0,1,370,370,0,0,0,0,0,0,0,0,Benign
51388,1,1,3035.728186,38.91959212,51388,0,51388,51388,37,119,64.33333333,47.34272207,2241.333333,0,0,0,0,-1,-1,0,0,0,0,0,0,0,0,Benign
154886,1,1,1827.150291,12.91272291,154886,0,154886,154886,33,250,105.3333333,125.2850084,15696.33333,0,0,0,0,-1,-1,0,0,0,0,0,0,0,0,Benign
4417021,2,0,0,0.452793863,4417021,0,4417021,4417021,0,0,0,0,0,0,0,0,1,2184,-1,0,0,0,0,0,0,0,0,Benign
31301,1,1,2491.933165,63.89572218,31301,0,31301,31301,31,47,36.33333333,9.237604307,85.33333333,0,0,0,0,-1,-1,0,0,0,0,0,0,0,0,Benign
267295,19,16,28608.84042,130.9414692,7861.617647,14050.50153,62428,8,0,1418,212.4166667,433.4225503,187855.1071,0,0,0,0,65535,361,0,0,0,0,0,0,0,0,Benign
56,1,2,1375000,53571.42857,28,19.79898987,42,14,0,46,30.75,21.68524844,470.25,0,1,0,1,51,51,0,0,0,0,0,0,0,0,Benign
1610767,13,9,4682.241441,13.65808959,76703.19048,309977.3315,1428530,13,0,1448,327.9130435,479.2775731,229706.9921,0,0,0,0,65535,1007,0,0,0,0,0,0,0,0,Benign
2324976,3,0,0,1.2903359,1162488,1588382.448,2285644,39332,0,0,0,0,0,0,0,0,1,2591,-1,0,0,0,0,0,0,0,0,Benign
159215,16,12,54643.09267,175.862827,5896.851852,9266.341925,39886,6,0,1448,300,514.239105,264441.8571,0,0,0,0,65535,61,0,0,0,0,0,0,0,0,Benign
49038764,6,6,16.72146549,0.244704373,4458069.455,14590679.09,48450567,17551,0,358,90.61538462,153.4511532,23547.25641,0,1,0,1,514,1961,294762,0,294762,294762,48450567,0,48450567,48450567,Benign
1383507,2,0,0,1.445601649,1383507,0,1383507,1383507,0,0,0,0,0,0,0,0,1,1460,-1,0,0,0,0,0,0,0,0,Benign
571637,2,0,0,3.49872384,571637,0,571637,571637,0,0,0,0,0,0,0,0,1,1386,-1,0,0,0,0,0,0,0,0,Benign
1886,1,1,0,1060.445387,1886,0,1886,1886,0,0,0,0,0,0,0,0,1,349,1386,0,0,0,0,0,0,0,0,Benign
47897,1,1,3570.16097,41.75626866,47897,0,47897,47897,33,138,68,60.62177826,3675,0,0,0,0,-1,-1,0,0,0,0,0,0,0,0,Benign
3482817,2,0,0,0.5742478,3482817,0,3482817,3482817,0,0,0,0,0,0,0,0,1,1597,-1,0,0,0,0,0,0,0,0,Benign
5360537,2,0,0,0.373096949,5360537,0,5360537,5360537,0,0,0,0,0,0,0,0,1,2905,-1,0,0,0,0,0,0,0,0,Benign
227710,1,1,0,8.783101313,227710,0,227710,227710,0,0,0,0,0,0,0,0,1,362,362,0,0,0,0,0,0,0,0,Benign
51798,1,1,2027.105294,38.6115294,51798,0,51798,51798,30,75,45,25.98076211,675,0,0,0,0,-1,-1,0,0,0,0,0,0,0,0,Benign
78350,1,1,0,25.52648373,78350,0,78350,78350,0,0,0,0,0,0,0,0,1,65535,65535,0,0,0,0,0,0,0,0,Benign
4429342,3,0,0,0.677301504,2214671,3082639.084,4394426,34916,0,0,0,0,0,0,0,0,1,1506,-1,0,0,0,0,0,0,0,0,Benign
23360921,99,99,5306.040802,8.475693231,118583.3553,1418761.468,19898639,4,0,1340,622.8844221,666.0901308,443676.0623,0,0,0,0,65535,4790,0,0,0,0,0,0,0,0,Benign
41722,2,0,0,47.93634054,41722,0,41722,41722,0,0,0,0,0,0,0,0,1,1552,-1,0,0,0,0,0,0,0,0,Benign
959844,4,1,55.21730615,5.209179825,239961,143004.6553,344870,37816,0,53,8.833333333,21.63715939,468.1666667,0,0,0,1,2464,374,0,0,0,0,0,0,0,0,Benign
285051,11,8,3427.456841,66.65473898,15836.16667,18602.5259,57349,10,0,517,48.85,115.6356688,13371.60789,0,0,0,0,65535,340,0,0,0,0,0,0,0,0,Benign
31515,1,1,0,63.46184357,31515,0,31515,31515,0,0,0,0,0,0,0,0,1,2410,1073,0,0,0,0,0,0,0,0,Benign
32614,1,2,950.51205,91.9850371,16307,23047.43843,32604,10,0,31,7.75,15.5,240.25,0,0,0,1,1686,61,0,0,0,0,0,0,0,0,Benign
277675,1,1,450.1665616,7.202664986,277675,0,277675,277675,33,92,52.66666667,34.06366588,1160.333333,0,0,0,0,-1,-1,0,0,0,0,0,0,0,0,Benign
284009,1,1,496.4631403,7.042030358,284009,0,284009,284009,32,109,57.66666667,44.45597073,1976.333333,0,0,0,0,-1,-1,0,0,0,0,0,0,0,0,Benign
30055350,9,15,526.8612743,0.798526718,1306754.348,6253746.819,29994656,8,0,1460,633.4,687.9318038,473250.1667,0,0,0,0,65535,123,0,0,0,0,0,0,0,0,Benign
92290,2,0,0,21.67082024,92290,0,92290,92290,0,0,0,0,0,0,0,0,1,340,-1,0,0,0,0,0,0,0,0,Benign
287233,3,3,9880.480307,20.88896471,57446.6,71087.03478,144758,50,30,1350,598.2857143,703.1720307,494450.9048,0,0,0,0,-1,-1,0,0,0,0,0,0,0,0,Benign
519830,3,3,3083.700441,11.54223496,103966,137891.7356,256155,1371,0,1406,229,524.1752252,274759.6667,0,0,0,0,65535,137,0,0,0,0,0,0,0,0,Benign
4527621,2,0,0,0.441733087,4527621,0,4527621,4527621,0,0,0,0,0,0,0,0,1,1369,-1,0,0,0,0,0,0,0,0,Benign
37587562,2,0,0,0.053209091,37587562,0,37587562,37587562,0,0,0,0,0,0,0,0,1,1460,-1,0,0,0,0,0,0,0,0,Benign
50941,1,1,0,39.26110599,50941,0,50941,50941,0,0,0,0,0,0,0,0,1,112,1369,0,0,0,0,0,0,0,0,Benign
44,2,0,1250000,45454.54545,44,0,44,44,0,55,36.66666667,31.75426481,1008.333333,0,1,0,1,349,-1,0,0,0,0,0,0,0,0,Benign
55189,2,0,0,36.23910562,55189,0,55189,55189,0,0,0,0,0,0,0,0,1,185,-1,0,0,0,0,0,0,0,0,Benign
31618662,6,11,282.6179046,0.53765716,1976166.375,7464935.559,29954906,13,0,1448,496.4444444,610.3917953,372578.1438,0,0,0,0,65535,130,0,0,0,0,0,0,0,0,Benign
1140,2,0,0,1754.385965,1140,0,1140,1140,0,0,0,0,0,0,0,0,1,1502,-1,0,0,0,0,0,0,0,0,Benign
10414683,4,2,0,0.57610971,2082936.6,3961969.558,9130463,2228,0,0,0,0,0,0,0,0,0,65535,14600,0,0,0,0,0,0,0,0,Benign
817043,2,1,0,3.671777373,408521.5,575035.4979,815133,1910,0,0,0,0,0,0,0,0,1,502,1369,0,0,0,0,0,0,0,0,Benign
5848544,2,0,0,0.341965453,5848544,0,5848544,5848544,0,0,0,0,0,0,0,0,1,1860,-1,0,0,0,0,0,0,0,0,Benign
95379,1,1,1205.716143,20.9689764,95379,0,95379,95379,32,83,49,29.44486373,867,0,0,0,0,-1,-1,0,0,0,0,0,0,0,0,Benign
91103300,10,11,77.37370655,0.230507567,4555165,20326044.1,90910938,37,0,1448,320.4090909,512.6571916,262817.3961,0,0,0,0,65535,65,192315,0,192315,192315,90910938,0,90910938,90910938,Benign
7107592,8,7,392.1159234,2.110419394,507685.1429,1825947.801,6851411,116,0,551,174.1875,241.4553703,58300.69583,0,0,0,0,65535,126,133432,0,133432,133432,6851411,0,6851411,6851411,Benign
13905,1,1,0,143.8331535,13905,0,13905,13905,0,0,0,0,0,0,0,0,1,502,1369,0,0,0,0,0,0,0,0,Benign
26922652,2,0,0,0.074286887,26922652,0,26922652,26922652,0,0,0,0,0,0,0,0,1,1369,-1,0,0,0,0,0,0,0,0,Benign
270151,1,1,518.2286943,7.403267062,270151,0,270151,270151,34,106,58,41.56921938,1728,0,0,0,0,-1,-1,0,0,0,0,0,0,0,0,Benign
